﻿<?xml version="1.0" encoding="UTF-8" standalone="yes"?>
<addon id="plugin.video.pelisalacarta"
    name="pelisalacarta"
    version="4.2.0~final-c5"
    provider-name="tvalacarta">
  <requires>
    <import addon="xbmc.python" version="2.1.0"/>
    <import addon="script.module.libtorrent" optional="true"/>
  </requires>
  <extension point="xbmc.python.pluginsource" library="default.py">
    <provides>video</provides>
  </extension>
  <extension point="xbmc.addon.metadata">
    <summary lang="es">Películas y series a la carta</summary>
    <description lang="es">Películas, series, documentales, anime, ... Todo está en Internet, y ahora en tu media center.</description>
    <summary lang="en">Movies and TV Shows on demand</summary>
    <description lang="en">Movies, Series, Documentaries, Anime, ... Everything is on the net, and now on your media center.</description>
    <platform>all</platform>
    <license>GNU GPL v3</license>
    <forum>http://www.mimediacenter.info/foro</forum>
    <website>http://blog.tvalacarta.info/plugin-xbmc/pelisalacarta</website>
    <email>tvalacarta@gmail.com</email>
    <source>https://github.com/tvalacarta/pelisalacarta</source>
  </extension>
  <extension point="xbmc.service" library="library_service.py" start="login|startup">
  </extension>
</addon>
