
<?xml version="1.0" encoding="UTF-8" standalone="yes"?>
<addon id="repository.llaurator" name="llaurator official Repo" version="1.0.0" provider-name="Llaurator">
	<extension point="xbmc.addon.repository" name="llaurator official Repo">
		<info compressed="false">https://raw.githubusercontent.com/llaurator/llaurator-repo/master/addons.xml</info>
		<checksum>https://raw.githubusercontent.com/llaurator/llaurator-repo/master/addons.xml.md5</checksum>
		<datadir zip="true">https://raw.githubusercontent.com/llaurator/llaurator-repo/master</datadir>
	</extension>
	<extension point="xbmc.addon.metadata">
		<summary>llaurator official Repo</summary>
   		<description lang="en">Instala los Addons recomendados por llaurator.</description>
		<disclaimer></disclaimer>
		<platform>all</platform>
	</extension>
</addon>
