<addon id="repository.elementum" name="Elementum Repository" version="0.1.31" provider-name="elgatito"><requires></requires><extension point="xbmc.addon.repository" name="Elementum Repository"><info compressed="false">https://raw.githubusercontent.com/elgatito/plugin.video.elementum/addons.xml</info><checksum>https://raw.githubusercontent.com/elgatito/plugin.video.elementum/addons.xml.md5</checksum><datadir zip="true">https://raw.githubusercontent.com/elgatito</datadir></extension><extension point="xbmc.addon.metadata"><platform>all</platform><summary lang="en">GitHub repository for Elementum updates</summary></extension></addon>
