<?xml version="1.0" encoding="utf-8" standalone="yes"?>
<channel>
	<id>cinedetodo</id>
	<name>Cinedetodo</name>
	<language>es</language>
	<update_url>https://raw.githubusercontent.com/tvalacarta/pelisalacarta/develop/python/main-classic/channels/</update_url>
	<active>true</active>
		
	<version>1</version>
	<adult>false</adult>

	<changes>
		<change>
			<date>28/06/17</date>
			<autor>Cmos</autor>
			<description>Nuevo canal</description>
		</change>
	</changes>

	<fanart></fanart>
	<thumbnail>http://i.imgur.com/av9Qqkj.png?1</thumbnail>
	<bannermenu></bannermenu>
	<categories>
		<category>movie</category>
		<category>latino</category>
	</categories>

	<settings>
		<id>include_in_global_search</id>
		<type>bool</type>
		<label>Incluir en busqueda global</label>
		<default>true</default>
		<enabled>true</enabled>
		<visible>true</visible>
	</settings>

	<settings>
		<id>modo_grafico</id>
		<type>bool</type>
		<label>Buscar información extra</label>
 		<default>true</default>
 		<enabled>true</enabled>
 		<visible>true</visible>
 	</settings>
	<settings>
		<id>perfil</id>
		<type>list</type>
		<label>Perfil de color</label>
		<default>2</default>
		<enabled>true</enabled>
		<visible>true</visible>
		<lvalues>Perfil 3</lvalues>
		<lvalues>Perfil 2</lvalues>
		<lvalues>Perfil 1</lvalues>
		<lvalues>Ninguno</lvalues>
	</settings>
</channel>
