<?xml version="1.0" encoding="utf-8" standalone="yes"?>
<channel>
	<id>skanime</id>
	<name>Skanime</name>

	<active>true</active>
	<adult>false</adult>
	<language>es</language>
	<version>1</version>
	
	<fanart></fanart>
	<thumbnail>http://i.imgur.com/F4T6t9t.png</thumbnail>
	<bannermenu></bannermenu>

	<update_url>https://raw.githubusercontent.com/tvalacarta/pelisalacarta/develop/python/main-classic/channels/</update_url>
	<changes>
		<change>
			<date>28/06/17</date>
			<autor>Cmos</autor>
			<description>Nuevo canal</description>
		</change>
	</changes>

	<categories>
		<category>anime</category>
	</categories>

	<settings>
		<id>include_in_global_search</id>
		<type>bool</type>
		<label>Incluir en busqueda global</label>
		<default>true</default>
		<enabled>true</enabled>
		<visible>true</visible>
	</settings>

	<settings>
		<id>perfil</id>
		<type>list</type>
		<label>Perfil de color</label>
		<default>2</default>
		<enabled>true</enabled>
		<visible>true</visible>
		<lvalues>Perfil 3</lvalues>
		<lvalues>Perfil 2</lvalues>
		<lvalues>Perfil 1</lvalues>
		<lvalues>Ninguno</lvalues>
	</settings>
	<settings>
		<id>modo_grafico</id>
		<type>bool</type>
		<label>Buscar información extra (TMDB)</label>
 		<default>true</default>
 		<enabled>true</enabled>
 		<visible>true</visible>
 	</settings>
	<settings>
		<id>include_in_newest_anime</id>
		<type>bool</type>
		<label>Incluir en Novedades - Anime</label>
		<default>true</default>
		<enabled>true</enabled>
		<visible>true</visible>
	</settings>
</channel>
